1,啊,啊,ā,ah,interj
2,啊,啊,a,ah,part
3,矮,矮,ǎi,short; low,adj
4,愛,爱,ài,love,v
5,愛人,爱人,àirén,husband; wife; sweetheart,n
6,安靜,安静,ānjìng,quiet; peaceful,adj
7,安排,安排,ānpái,plan; arrange,n
8,八,八,bā,eight,num
9,把,把,bǎ,bunch,m
10,把,把,bǎ,(function word),prep
11,爸爸,爸爸,bàba,pa; dad; father,n
12,吧,吧,ba,(modal particle ending a sentence),part
13,白,白,bái,white; blank,adj
14,百,百,bǎi,hundred,num
15,擺,摆,bǎi,put; put on; sway,v
16,班,班,bān,class; team,m
17,搬,搬,bān,move; carry,v
18,半,半,bàn,half; halfway,num
19,半天,半天,bàntiān,half a day; a long time,n
20,辦,办,bàn,do; deal with,v
21,辦法,办法,bànfǎ,way; means; measure,n
22,辦公室,办公室,bàngōngshì,office,n
23,幫助,帮助,bāngzhù,help; assist; aid,v
24,飽,饱,bǎo,be full,adj
25,抱,抱,bào,hug; embrace,v
26,報,报,bào,newspaper; gazette,n
27,杯,杯,bēi,cup; glass,m
28,杯子,杯子,bēizi,cup; glass,n
29,北,北,běi,north,n
30,北邊,北边,běibiān,north; north side,n
31,倍,倍,bèi,times; -fold,m
32,被,被,bèi,by,prep
33,本,本,běn,book; root; capital,m
34,本子,本子,běnzi,book; notebook,n
35,比,比,bǐ,emulate; compare; than,v
36,比較,比较,bǐjiào,compare; contrast; relatively,v
37,比賽,比赛,bǐsài,match; competition; game,n
38,筆,笔,bǐ,pen; pencil,m
39,必須,必须,bìxū,must; have to,aux
40,邊,边,biān,side,n
41,變,变,biàn,change; become,v
42,變成,变成,biàn chéng,change into; turn into,
43,變化,变化,biànhuà,change; vary,v
44,遍,遍,biàn,time,m
45,錶/表,表,biǎo,(錶) watch; (表) table; meter; chart,n
46,表示,表示,biǎoshì,show; express; indicate,n
47,表現,表现,biǎoxiàn,show off; express; display,n
48,表演,表演,biǎoyǎn,perform; act; play; demonstrate,n
49,表揚,表扬,biǎoyáng,praise; commend,v
50,別,别,bié,don't,adv
51,別的,别的,biéde,other; another,pron
52,別人,别人,biéren,other people; others,pron
53,病,病,bìng,disease; illness; sickness,v
54,不,不,bù,not; no,adv
55,不錯,不错,bùcuò,not bad; pretty good; correct,adj
56,不但,不但,bùdàn,not only,conj
57,不久,不久,bùjiǔ,soon; not long after,n
58,不如,不如,bùrú,not as good as; better to,conj
59,不同,不同,bùtóng,different; not the same,adj
60,不要,不要,bùyào,don't; don't want to,adv
61,不用,不用,bùyòng,need not,adv
62,布,布,bù,cloth,n
63,部分,部分,bùfen,part; section; component,n
64,擦,擦,cā,wipe; rub; spread on; scrape,v
65,才,才,cái,just,adv
66,菜,菜,cài,dish; course; vegetable; greens,n
67,參觀,参观,cānguān,visit; look around,v
68,參加,参加,cānjiā,join; take part in; attend,v
69,操場,操场,cāochǎng,playground; sports ground,n
70,草,草,cǎo,grass; straw,n
71,層,层,céng,layer; story,m
72,茶,茶,chá,tea,n
73,查,查,chá,examine; investigate; look up,v
74,差,差,chà,short of; differ from; poor,v
75,常,常,cháng,often; frequently,adv
76,常常,常常,chángcháng,often; frequently,adv
77,長,长,cháng,long,adj
78,場,场,chǎng,field; scene,n
79,唱,唱,chàng,sing,v
80,朝,朝,cháo,toward; face,v
81,車,车,chē,vehicle,n
82,車站,车站,chēzhàn,station; stop,n
83,城,城,chéng,town; city,n
84,城市,城市,chéngshì,town; city,n
85,成,成,chéng,accomplish; become,v
86,成績,成绩,chéngjì,success; achievement; score,n
87,吃,吃,chī,eat; live on; annihilate,v
88,遲到,迟到,chídào,be late,v
89,抽,抽,chōu,take out; take from; grow; inhale,v
90,出,出,chū,go out; exceed; issue; vent,v
91,出發,出发,chūfā,set out; start from,v
92,出來,出来,chū lái,come out; emerge,
93,出去,出去,chū qù,go out; get out,
94,出現,出现,chūxiàn,appear; arise,v
95,出租汽車,出租汽车,chūzū qìchē,taxi,
96,除了…以外,除了…以外,chúle … yǐwài,except; besides,
97,穿,穿,chuān,penetrate; go through; put on,v
98,船,船,chuán,boat; ship,n
99,窗,窗,chuāng,window,n
100,窗戶,窗户,chuānghu,window; casement,n
101,床,床,chuáng,bed,n
102,吹,吹,chuī,blow; brag; fail; break up,v
103,春,春,chūn,spring,n
104,春天,春天,chūntiān,spring; springtime,n
105,磁帶,磁带,cídài,magnetic tape,n
106,詞,词,cí,word; expression; poetry,n
107,詞典,词典,cídiǎn,dictionary,n
108,次,次,cì,time,m
109,從,从,cóng,from; since; through; ever,prep
110,從…到…,从…到…,cóng … dào …,from … to …,
111,從…起,从…起,cóng … qǐ …,from … on …,
112,從前,从前,cóngqián,before; formerly; in the past,n
113,錯,错,cuò,wrong; faulty; mistake; error,n
114,錯誤,错误,cuòwù,mistake; error; fault,n
115,打,打,dǎ,beat; hit; smash; play; stir,v
116,打算,打算,dǎsuàn,plan; intend,n
117,大,大,dà,big; great; loud,adj
118,大概,大概,dàgài,probably; general; broad outline,adj
119,大家,大家,dàjiā,everybody; all,pron
120,大聲,大声,dà shēng,loudly,
121,大學,大学,dàxué,university; college,n
122,大夫,大夫,dàifu,doctor; physician,n
123,戴,戴,dài,put on; wear; support; respect,v
124,帶,带,dài,take; do; lead; have,v
125,代表,代表,dàibiǎo,represent; representative; deputy,v
126,但是,但是,dànshì,"but; however; yet, nevertheless",conj
127,當,当,dāng,at (a time or place); facing,prep
128,當,当,dāng,act as; accept; administer; stop,v
129,當然,当然,dāngrán,of course; certainly,adj
130,刀,刀,dāo,knife; sword; blade,n
131,倒,倒,dǎo,fall; collapse; resell; exchange; rearrange,v
132,到,到,dào,arrive; reach; go to; leave for,v
133,道,道,dào,road; doctrine; speak; say,m
134,道理,道理,dàolǐ,principle; truth; reason; argument,n
135,得,得,dé,get; obtain; result in,v
136,得到,得到,dé dào,get; obtain; gain; receive,
137,的,的,de,particle to form an attribute; of,part
138,地,地,de,particle to form an adverbial,part
139,得,得,de,particle to introduce a complement,part
140,…得很,…得很,… dehěn,very much; quite,
141,得,得,děi,have to; be sure to,aux
142,燈,灯,dēng,lamp; light; lantern,n
143,等,等,děng,wait; when; till,v
144,等,等,děng,and so on; etc.,part
145,低,低,dī,low; droop; hang down,v
146,地,地,dì,the earth; land; field; ground,n
147,地方,地方,dìfang,place; space; part; respect,n
148,第(第一),第(第一),dì (dìyī),used to form ordinal numbers,pref
149,弟弟,弟弟,dìdi,younger brother,n
150,點,点,diǎn,"dot, point; dot stroke",n
151,點,点,diǎn,a little; point,m
152,點,点,diǎn,put a dot; count; select; light,v
153,點心,点心,diǎnxin,pastry; light refreshments,n
154,點鐘,点钟,diǎnzhōng,o'clock,n
155,電,电,diàn,electricity,n
156,電車,电车,diànchē,tram; trolleybus,n
157,電燈,电灯,diàndēng,electric light; electric lamp,n
158,電話,电话,diànhuà,telephone; phone; phone call,n
159,電視,电视,diànshì,television; TV,n
160,電影,电影,diànyǐng,film; movie,n
161,掉,掉,diào,fall; drop; lose; reduce; turn,v
162,丟,丢,diū,lose; throw; put aside,v
163,東,东,dōng,east,n
164,東邊,东边,dōngbiān,east,n
165,東西,东西,dōngxi,thing; creature,n
166,冬,冬,dōng,winter,n
167,冬天,冬天,dōngtiān,winter,n
168,懂,懂,dǒng,understand; know,v
169,動,动,dòng,move; stir; use,v
170,動物,动物,dòngwù,animal,n
171,都,都,dōu,all; both; even; already,adv
172,讀,读,dú,read; read aloud,v
173,短,短,duǎn,short; brief,adj
174,鍛煉,锻炼,duànliàn,take exercise; physical training,v
175,段,段,duàn,segment; period; paragraph,m
176,對,对,duì,towards; treat; compare; aim at,v
177,對,对,duì,right; correct,adj
178,對不起,对不起,duìbuqǐ,sorry; excuse me; let down,
179,頓,顿,dùn,used for meals or scolding,m
180,多,多,duō,much; many; more,adj
181,多,多,duō,how; what,adv
182,多,多,duō,a little or few more than,num
183,多麼,多么,duōme,how; what,adv
184,多少,多少,duōshao,how many; how much,pron
185,餓,饿,è,hungry; starve,v
186,而且,而且,érqiě,moreover; in addition; but also,conj
187,兒子,儿子,érzi,son,n
188,二,二,èr,two,num
189,發,发,fā,send out; discharge; issue; rise,v
190,發燒,发烧,fā shāo,have a fever; have a temperature,
191,發生,发生,fāshēng,happen; occur; take place,v
192,發現,发现,fāxiàn,discover; find; discovery,n
193,發展,发展,fāzhǎn,develop; recruit; development,n
194,法語(法文),法语(法文),fǎyǔ(fǎwén),French; French language,n
195,翻,翻,fān,turn over; rummage; capsize,v
196,翻譯,翻译,fānyì,translate; translation; translator,n
197,反對,反对,fǎnduì,oppose; fight; be against,v
198,飯,饭,fàn,meal; cooked rice or other cereals,n
199,飯店,饭店,fàndiàn,restaurant; hotel,n
200,方便,方便,fāngbiàn,convenient; make convenient,v
201,方法,方法,fāngfǎ,method; way; means,n
202,方面,方面,fāngmiàn,respect; aspect; field; side,n
203,方向,方向,fāngxiàng,direction; orientation,n
204,房間,房间,fángjiān,room,n
205,訪問,访问,fǎngwèn,visit; call on,v
206,放,放,fàng,let go; put; lay; have a vacation,v
207,放假,放假,fàng jià,have a holiday or vacation,
208,非常,非常,fēicháng,very; highly; extraordinary; unusual,adv
209,飛,飞,fēi,fly; flit; hover; flutter,v
210,飛機,飞机,fēijī,aircraft; airplane; plane,n
211,分,分,fēn,divide; distribute; distinguish,v
212,分,分,fēn,minute; point; mark; a money unit,m
213,…分之…,…分之…,… fēnzhī …,for expression of a fraction number,
214,分鐘,分钟,fēnzhōng,minute,n
215,豐富,丰富,fēngfù,rich; abundant; plentiful; enrich,v
216,封,封,fēng,for letters,m
217,風,风,fēng,wind,n
218,夫人,夫人,fūrén,Lady; Madame; Mrs,n
219,服務,服务,fúwù,serve; service,v
220,服務員,服务员,fúwùyuán,waiter; waitress; attendant,n
221,輔導,辅导,fǔdǎo,coach; teach; tutor,n
222,複習,复习,fùxí,revise; review,v
223,複雜,复杂,fùzá,complex; complicated,adj
224,父親,父亲,fùqin,father,n
225,負責,负责,fùzé,be responsible for; conscientious,adj
226,附近,附近,fùjìn,nearby; neighboring area; vicinity,n
227,該,该,gāi,should; ought to; owe; sb.'s turn,v
228,改,改,gǎi,change; transform; rectify; correct,v
229,改變,改变,gǎibiàn,change; alter; transform,n
230,乾凈,干净,gānjìng,clean; neat; tidy,adj
231,感到,感到,gǎndào,feel; sense; think,v
232,感冒,感冒,gǎnmào,common cold,v
233,感謝,感谢,gǎnxiè,thank; be grateful,v
234,敢,敢,gǎn,dare,aux
235,幹,干,gàn,do; work,v
236,幹部,干部,gànbù,cadre,n
237,剛,刚,gāng,just; barely; only just,adv
238,剛才,刚才,gāngcái,a moment ago; just now,n
239,鋼筆,钢笔,gāngbǐ,pen,n
240,高,高,gāo,tall; high; of a high degree,adj
241,高興,高兴,gāoxìng,glad; cheerful; be happy to,v
242,搞,搞,gǎo,do; cause; make; get hold of,v
243,告訴,告诉,gàosù,tell; let know,v
244,哥哥,哥哥,gēge,elder brother,n
245,歌,歌,gē,song,n
246,個,个,gè,(a general measure word),m
247,各,各,gè,each; every; various; different,pron
248,各種,各种,gèzhǒng,all kinds of,pron
249,給,给,gěi,give; grant,prep
250,根,根,gēn,root; foot; base; origin,n
251,跟,跟,gēn,with; and; follow,v
252,更,更,gèng,"more; still more, even more",adv
253,工廠,工厂,gōngchǎng,factory; mill; plant; works,n
254,工人,工人,gōngrén,worker; workman,n
255,工業,工业,gōngyè,industry,n
256,工作,工作,gōngzuò,work; job,n
257,公共汽車,公共汽车,gōnggòng qìchē,bus (for public transit),n
258,公斤,公斤,gōngjīn,kilogram,m
259,公里,公里,gōnglǐ,kilometer,m
260,公園,公园,gōngyuán,park,n
261,夠,够,gòu,be enough; be up to; reach; quite,v
262,姑娘,姑娘,gūniang,girl; daughter,n
263,故事,故事,gùshi,story; tale,n
264,刮/颳,刮,guā,(刮) scrape; shave; smear with; (颳) blow,v
265,掛,挂,guà,hang; call up; ring off,v
266,關,关,guān,shut; lock up; turn off; close down,v
267,關係,关系,guānxì,relation; relationship,v
268,關心,关心,guānxīn,be concerned with; care for,v
269,館,馆,guǎn,an indoor place for activities,n
270,廣播,广播,guǎngbō,broadcast; be on the air,n
271,貴,贵,guì,expensive; costly; dear,adj
272,貴姓,贵姓,guì xìng,your honorable family name,
273,國,国,guó,country; state; nation,n
274,國家,国家,guójiā,country; state; nation,n
275,過,过,guò,pass; spend time; go through,v
276,過,过,guo,(indicate an action in the past),part
277,過來,过来,guò lai,come over; come up,
278,過去,过去,guòqù,the past; former times,n
279,過去,过去,guò qu,go over; pass by,
280,哈哈,哈哈,hāhā,ha-ha (the sound of laughing),ono
281,還,还,hái,still; yet; even more; also; fairly,adv
282,還是,还是,háishì,still; nevertheless; had better; or,conj
283,孩子,孩子,háizi,child; children; son or daughter,n
284,海,海,hǎi,sea,n
285,寒假,寒假,hánjià,winter vacation,n
286,喊,喊,hǎn,shout; cry out; yell; call sb.,v
287,漢語,汉语,hànyǔ,Chinese; the Chinese language,n
288,漢字,汉字,hànzì,Chinese character,n
289,好,好,hǎo,good; nice; be in good health,adj
290,好,好,hǎo,so as to; very; quite; so,adv
291,好吃,好吃,hǎochī,delicious; tasty; good to eat,adj
292,好處,好处,hǎochu,good; advantage; benefit; gain,n
293,好看,好看,hǎokàn,good-looking; nice; pretty,adj
294,好像,好像,hǎoxiàng,seem; look like; be like; as if,v
295,號,号,hào,number; date,m
296,喝,喝,hē,drink,v
297,和,和,hé,and; with; to,conj
298,合適,合适,héshì,appropriate; right; suitable,adj
299,河,河,hé,river,n
300,黑,黑,hēi,black; dark,adj
301,黑板,黑板,hēibǎn,blackboard,n
302,很,很,hěn,very; quite; awfully,adv
303,紅,红,hóng,red; symbol of success,adj
304,後,后,hòu,back; rear; behind,n
305,後邊,后边,hòubian,back; rear; behind; latter,n
306,忽然,忽然,hūrán,suddenly; all of a sudden,adv
307,湖,湖,hú,lake,n
308,互相,互相,hùxiāng,each other; mutual,adv
309,花,花,huā,flower; blossom; blurred; dim,adj
310,花,花,huā,spend; expend; cost,v
311,畫,画,huà,draw; paint,v
312,畫兒,画儿,huàr,drawing; picture; painting,n
313,化學,化学,huàxué,chemistry,n
314,話,话,huà,word; talk; speech; remark,n
315,壞,坏,huài,bad; go bad; spoil; ruin,adj
316,歡迎,欢迎,huānyíng,welcome; greet; favorably receive,v
317,還,还,huán,give back; return; give sth. in return,v
318,換,换,huàn,exchange; barter; trade; change,v
319,黃,黄,huáng,yellow; sallow; fall through,adj
320,回,回,huí,return; turn around; answer; reply,v
321,回,回,huí,(for times of an event or action),m
322,回答,回答,huídá,answer; reply; response,n
323,回來,回来,huí lái,return; come back; be back,
324,回去,回去,huí qù,return; go back; be back,
325,會,会,huì,can; be good at; be likely to; meet,v
326,會,会,huì,meeting; gathering; conference,n
327,會話,会话,huìhuà,conversation; converse with,n
328,活,活,huó,live,v
329,活兒,活儿,huó,work,n
330,活動,活动,huódòng,move about; relax; activity; shaky,n
331,火車,火车,huǒchē,train,n
332,或者,或者,huòzhě,or; perhaps; maybe,conj
333,基本,基本,jīběn,basic; fundamental; on the whole,adj
334,基礎,基础,jīchǔ,foundation; base; basis,n
335,機場,机场,jīchǎng,airport; airfield; aerodrome,n
336,機會,机会,jīhuì,chance; opportunity,n
337,機器,机器,jīqì,machine; machinery; apparatus,n
338,雞,鸡,jī,chicken,n
339,雞蛋,鸡蛋,jīdàn,chicken egg,n
340,…極了,…极了,… jí le,extremely,
341,集合,集合,jíhé,gather; assemble; muster,v
342,急,急,jí,rapid; impatient; irascible; urgent,adj
343,擠,挤,jǐ,crowded; cram; jostle; squeeze,adj
344,幾,几,jǐ,how many; a few; some,pron
345,技術,技术,jìshù,technology; skill; technique,n
346,寄,寄,jì,send; post; mail,v
347,計劃,计划,jìhuà,plan; project; program; map out,v
348,記,记,jì,mark; remember; jot down; record,v
349,繼續,继续,jìxù,continue; go on; continuation,v
350,家(文學家),家(文学家),jiā (wénxuéjiā),(suffix) -ist; family; home; household,suf
351,家庭,家庭,jiātíng,family; household,n
352,加,加,jiā,add; plus; increase; put in,v
353,堅持,坚持,jiānchí,persist in; persevere in; stick to,v
354,間,间,jiān,(measure word for rooms),m
355,檢查,检查,jiǎnchá,check up; inspect; self-criticism,n
356,簡單,简单,jiǎndān,simple; commonplace; casual,adj
357,見,见,jiàn,meet; see; be exposed to,v
358,見面,见面,jiàn miàn,meet; see,
359,件,件,jiàn,"(measure word for clothes, affairs)",m
360,健康,健康,jiànkāng,health; healthy; sound; wholesome,adj
361,建設,建设,jiànshè,build; construct; construction,n
362,將來,将来,jiānglái,future,n
363,江,江,jiāng,river,n
364,講,讲,jiǎng,tell; speak; explain; discuss; stress,v
365,交,交,jiāo,hand over; deliver; associate with,v
366,教,教,jiāo,teach; instruct,v
367,腳,脚,jiǎo,foot,n
368,角,角,jiǎo,one tenth of one RMB Yuan,m
369,餃子,饺子,jiǎozi,dumpling,n
370,教室,教室,jiàoshì,classroom; schoolroom,n
371,教育,教育,jiàoyù,education; educate; teach,n
372,叫,叫,jiào,call; greet; order; name; shout; cry,v
373,叫,叫,jiào,(used to make a passive sentence),prep
374,接,接,jiē,meet; connect; catch; take over,v
375,接著,接着,jiēzhe,then; afterward; follow,conj
376,街,街,jiē,street,n
377,節,节,jié,festival; section; length,m
378,節目,节目,jiémù,program; item (on a program),n
379,節日,节日,jiérì,festival; holiday,n
380,結果,结果,jiéguǒ,finally; at last; result; outcome,conj
381,結束,结束,jiéshù,end; finish; conclude; wind up,v
382,解決,解决,jiějué,resolve; settle; solve,v
383,姐姐,姐姐,jiějie,elder sister,n
384,借,借,jiè,borrow; lend; make use of,v
385,介紹,介绍,jièshào,introduce; recommend; let know,v
386,斤,斤,jīn,half a kilogram,m
387,今年,今年,jīnnián,this year,n
388,今天,今天,jīntiān,today; present; now,n
389,緊,紧,jǐn,tight; urgent; hard up; tighten,adj
390,緊張,紧张,jǐnzhāng,nervous; tense; in short supply,adj
391,進,进,jìn,enter; come or go into; recruit,v
392,進來,进来,jìnlái,come in; get in,v
393,進去,进去,jìnqu,go in; get in; enter,v
394,進行,进行,jìnxíng,be in progress; go on; carry on,v
395,近,近,jìn,nearby; near; close,adj
396,精彩,精彩,jīngcǎi,brilliant; splendid; wonderful,adj
397,精神,精神,jīngshén,spirit; mind; gist; essence,n
398,經常,经常,jīngcháng,often; frequently; constantly; usually,adv
399,經過,经过,jīngguò,pass; go through; as a result of,n
400,經濟,经济,jīngjì,economy; income; economical,n
401,經驗,经验,jīngyàn,experience,n
402,久,久,jiǔ,for a long time; long,adj
403,九,九,jiǔ,nine,num
404,酒,酒,jiǔ,alcoholic drink; wine; liquor,n
405,舊,旧,jiù,old; past; bygone; used; worn,adj
406,就,就,jiù,with regard to; even if; at once,conj
407,橘子(桔子),橘子(桔子),júzi,orange; tangerine; mandarin,n
408,舉,举,jǔ,lift; heave; raise; hold up; cite,v
409,句,句,jù,(measure word for sentences),m
410,句子,句子,jùzi,sentence,n
411,覺得,觉得,juéde,feel; think,v
412,決定,决定,juédìng,decide; resolve; decision; resolution,n
413,咖啡,咖啡,kāfēi,coffee,n
414,卡車,卡车,kǎchē,lorry; truck,n
415,開,开,kāi,open; operate; turn on; hold; boil,v
416,開始,开始,kāishǐ,begin; start,n
417,開玩笑,开玩笑,kāi wánxiào,joke; crack a joke; make fun of,
418,開學,开学,kāi xué,school begins; term starts,
419,看,看,kàn,see; look at; watch; read; think,v
420,看病,看病,kàn bìng,see a doctor; see a patient,
421,看見,看见,kànjiàn,see; catch sight of,v
422,考試,考试,kǎoshì,examine; test; examination,n
423,棵,棵,kē,(measure word for plants),m
424,科學,科学,kēxué,science; scientific,adj
425,咳嗽,咳嗽,késou,cough,v
426,可能,可能,kěnéng,possible; maybe; possibility; may,n
427,可是,可是,kěshì,but; nevertheless; yet; indeed,conj
428,可以,可以,kěyǐ,can; may,aux
429,渴,渴,kě,thirsty,adj
430,克,克,kè,gram,m
431,刻,刻,kè,a quarter of an hour; carve; cut,m
432,客氣,客气,kèqi,polite; act or remark politely,v
433,課,课,kè,lesson; class; subject; course,n
434,課本,课本,kèběn,textbook,n
435,課文,课文,kèwén,text,n
436,空氣,空气,kōngqì,air,n
437,口,口,kǒu,mouth; (measure word for people),m
438,口語,口语,kǒuyǔ,spoken language,n
439,哭,哭,kū,cry,v
440,苦,苦,kǔ,bitter; miserable,adj
441,塊,块,kuài,piece; Yuan (the basic RMB unit),m
442,快,快,kuài,fast; rapid; sharp; hurry up; soon,adj
443,困難,困难,kùnnán,difficult; difficulty; trouble,adj
444,拉,拉,lā,pull; drag; haul; play; draw in; shit,v
445,啦,啦,la,(modal particle ending a sentence),part
446,來,来,lái,come; arrive; crop up; take place,v
447,藍,蓝,lán,blue,adj
448,籃球,篮球,lánqiú,basketball,n
449,勞動,劳动,láodòng,work; labor,v
450,勞駕,劳驾,láo jià,excuse me; may I trouble you,
451,老(老二),老(老二),lǎo(lǎo'èr),old; aged; tough; of long standing,pref
452,老師,老师,lǎoshī,teacher,n
453,了,了,le,(modal particle ending a sentence),part
454,累,累,lèi,tired; tire; strain,adj
455,冷,冷,lěng,cold,adj
456,離,离,lí,leave; without; off; away; from,prep
457,離開,离开,líkāi,leave; depart from,v
458,里,里,lǐ,in; inside,n
459,里,里,lǐ,half a kilometer,m
460,裡邊,里边,lǐbian,inside; in; within; interior,n
461,禮物,礼物,lǐwù,gift; present,n
462,歷史,历史,lìshǐ,history; past records,n
463,利用,利用,lìyòng,use; utilize; exploit; make use of,v
464,例如,例如,lìrú,for example; for instance,v
465,立刻,立刻,lìkè,immediately; at once; right away,adv
466,倆,俩,liǎ,two people (used in oral Chinese),num
467,聯繫,联系,liánxì,integrate; link; contact; connection,n
468,連…都(也)…,连…都(也)…,lián … dōu (yě) …,even,
469,臉,脸,liǎn,face,n
470,練習,练习,liànxí,practice; exercise; drill,n
471,涼快,凉快,liángkuai,nice and cool; pleasantly cool,adj
472,兩,两,liǎng,two; a few; some,num
473,輛,辆,liàng,(measure word for vehicles),m
474,亮,亮,liàng,bright; shiny; light; shine; show,v
475,了,了,liǎo,finish; end; settle; be able,v
476,了解,了解,liǎojiě,understand; know; find out,v
477,零,零,líng,"zero, 0",num
478,領導,领导,lǐngdǎo,lead; leader; leadership,n
479,留,留,liú,remain; stay; keep; grow; leave,v
480,留念,留念,liúniàn,accept or keep as souvenir,v
481,留學生,留学生,liúxuéshēng,foreign student; overseas student,n
482,流,流,liú,flow; stream; drip; shed; trickle,n
483,六,六,liù,six,num
484,樓,楼,lóu,storied building,n
485,路,路,lù,road; path; way; journey; route,n
486,錄音,录音,lùyīn,record sound; sound recording,n
487,旅行,旅行,lǚxíng,travel; journey; tour; trip,v
488,綠,绿,lǜ,green,adj
489,亂,乱,luàn,in a mess; indiscriminate; random,adj
490,媽媽,妈妈,māma,mummy; mom; ma; mother,n
491,麻煩,麻烦,máfan,troublesome; put sb. to trouble,adj
492,馬,马,mǎ,horse,n
493,馬上,马上,mǎshàng,at once; immediately; right away,adv
494,嘛,嘛,ma,(modal particle expressing urging),part
495,嗎,吗,ma,(modal particle making a question),part
496,買,买,mǎi,buy; purchase,v
497,賣,卖,mài,sell,v
498,滿,满,mǎn,full; filled; complete; fill; expire,adj
499,滿意,满意,mǎnyì,satisfied; pleased,adj
500,慢,慢,màn,slow,adj
501,忙,忙,máng,busy; fully occupied,adj
502,毛,毛,máo,one tenth of one RMB Yuan,m
503,帽子,帽子,màozi,hat; cap,n
504,沒,没,méi,not have; there is not; not,v
505,沒關係,没关系,méi guānxi,never mind; it doesn't matter,
506,沒意思,没意思,méi yìsi,uninteresting; dull,
507,沒有,没有,méiyǒu,not have; there is not; not,adv
508,每,每,měi,every; each; per; every time,pron
509,妹妹,妹妹,mèimei,younger sister,n
510,門,门,mén,entrance; door; gate,m
511,門口,门口,ménkǒu,entrance; doorway,n
512,們(朋友們),们(朋友们),men (péngyoumen),(particle forming a plural pronoun),suf
513,米(公尺),米(公尺),mǐ(gōngchǐ),meter (measure word for lengths),m
514,米飯,米饭,mǐfàn,(cooked) rice,n
515,麵包,面包,miànbāo,bread,n
516,麵條兒,面条儿,miàntiáor,noodles,n
517,民族,民族,mínzú,nation; nationality,n
518,明年,明年,míngnián,next year,n
519,明天,明天,míngtiān,tomorrow,n
520,名字,名字,míngzi,name,n
521,母親,母亲,mǔqīn,mother (used in written Chinese),n
522,目前,目前,mùqián,current time; at present,n
523,拿,拿,ná,take; hold; seize; capture; with; at,v
524,哪,哪,nǎ/něi,which; (used for rhetorical questions),pron
525,哪裡(哪兒),哪里(哪儿),nǎli(nǎr),where; wherever,pron
526,那,那,nà,that,pron
527,那,那,nà,then; in that case,conj
528,那個,那个,nàge,that,pron
529,那裡(那兒),那里(那儿),nàli(nàr),there,pron
530,那麼,那么,nàme,like that; in that way,pron
531,那麼,那么,nàme,then; in that case,conj
532,那些,那些,nàxiē,those,pron
533,那樣,那样,nàyàng,of that kind; like that; so; such,pron
534,哪,哪,na,(modal particle ending a sentence),part
535,吶,呐,na,(modal particle ending a sentence),part
536,南,南,nán,south,n
537,南邊,南边,nánbian,south,n
538,男,男,nán,male,adj
539,難,难,nán,difficult,adj
540,呢,呢,ne,(modal particle ending a question),part
541,內,内,nèi,inside; inner; within,n
542,內容,内容,nèiróng,content; substance,n
543,能,能,néng,can; be able to; be capable of,aux
544,能夠,能够,nénggòu,can; be able to; be capable of,aux
545,嗯,嗯,ng,(interjection expressing what or huh),interj
546,你,你,nǐ,you (the singular form),pron
547,你們,你们,nǐmen,you (the plural form),pron
548,年,年,nián,year; New Year,n
549,年級,年级,niánjí,grade; year,n
550,年紀,年纪,niánjì,age,n
551,年輕,年轻,niánqīng,young,adj
552,念,念,niàn,"read aloud, study, attend school",v
553,您,您,nín,you (in respectful form),pron
554,牛,牛,niú,ox; cow; bull,n
555,牛奶,牛奶,niúnǎi,cow milk,n
556,農村,农村,nóngcūn,rural area; countryside,n
557,農民,农民,nóngmín,peasant,n
558,農業,农业,nóngyè,agriculture; farming,n
559,努力,努力,nǔlì,try hard; be hard at work or study,adj
560,女,女,nǚ,female,adj
561,女兒,女儿,nǚ'ér,daughter,n
562,暖和,暖和,nuǎnhuo,warm; nice and warm; warm up,adj
563,爬,爬,pá,crawl; creep; climb,v
564,怕,怕,pà,fear; be afraid of; perhaps,v
565,拍,拍,pāi,clap; pat; beat; shoot; send,v
566,排球,排球,páiqiú,volleyball,n
567,派,派,pài,send; appoint,n
568,旁邊,旁边,pángbiān,side,n
569,跑,跑,pǎo,run; run away; run about doing sth.,v
570,跑步,跑步,pǎo bù,run,
571,朋友,朋友,péngyou,friend,n
572,碰,碰,pèng,touch; bump; meet; run into,v
573,批評,批评,pīpíng,criticize; criticism,n
574,啤酒,啤酒,píjiǔ,beer,n
575,篇,篇,piān,(measure word for articles),m
576,便宜,便宜,piányi,cheap; inexpensive; small gains,n
577,片,片,piàn,(measure word for pieces of things),n
578,漂亮,漂亮,piàoliang,pretty; beautiful; remarkable,adj
579,票,票,piào,ticket; ballot,n
580,蘋果,苹果,píngguǒ,apple,n
581,瓶,瓶,píng,(measure word for bottles),m
582,破,破,pò,broken; damaged; break; destroy,adj
583,七,七,qī,seven,num
584,騎,骑,qí,ride (an animal or bicycle),v
585,起,起,qǐ,remove; pull; appear; rise; raise,v
586,起床,起床,qǐ chuáng,get up,
587,起來,起来,qǐ lái,stand up; sit up; rise to one's feet,
588,汽車,汽车,qìchē,automobile; motor vehicle; car,n
589,汽水,汽水,qìshuǐ,aerated water; soda; soft drink,n
590,鉛筆,铅笔,qiānbǐ,pencil,n
591,千,千,qiān,thousand,num
592,錢,钱,qián,money; fund; sum,n
593,前,前,qián,front; forward; before; preceding,n
594,前邊,前边,qiánbian,in front; ahead,n
595,淺,浅,qiǎn,shallow; simple; superficial; light,adj
596,牆,墙,qiáng,wall,n
597,橋,桥,qiáo,bridge,n
598,青年,青年,qīngnián,young person; youth,n
599,輕,轻,qīng,"light; small in number, degree, etc.",adj
600,清楚,清楚,qīngchu,clear; distinct; be clear about,adj
601,晴,晴,qíng,clear; sunny,adj
602,情況,情况,qíngkuàng,"circumstance; situation, condition",n
603,請,请,qǐng,please; request; ask; invite; engage,v
604,請假,请假,qǐng jià,ask for leave,
605,請問,请问,qǐng wèn,Excuse me; May I ask,
606,秋,秋,qiū,autumn; fall,n
607,秋天,秋天,qiūtiān,autumn; fall,n
608,球,球,qiú,ball; anything shaped like a ball,n
609,取得,取得,qǔdé,gain; acquire; obtain,v
610,去,去,qù,go; leave; send; remove; get rid of,v
611,去年,去年,qùnián,last year,n
612,全,全,quán,complete; whole; entire; full; total,adj
613,全部,全部,quánbù,all; without exception; complete,n
614,全體,全体,quántǐ,all; whole; entire,n
615,確實,确实,quèshí,true; reliable,adj
616,然後,然后,ránhòu,then; afterwards; after that,adv
617,讓,让,ràng,give way; give ground; invite; let,v
618,熱,热,rè,hot; popular; heat up; warm,v
619,熱情,热情,rèqíng,warm; fervent; enthusiasm,adj
620,人,人,rén,person; man; people,n
621,人們,人们,rénmen,persons; people; the public,n
622,人民,人民,rénmín,the people,n
623,任何,任何,rènhé,any; whichever; whatever,pron
624,認識,认识,rènshi,recognize; understand; cognition,n
625,認為,认为,rènwéi,think; consider,v
626,認真,认真,rènzhēn,conscientious; earnest; serious,adj
627,日,日,rì,sun; day time; a day of the month,n
628,日語(日文),日语(日文),rìyǔ(rìwén),Japanese (language),n
629,日子,日子,rìzi,days; date; time; life; livelihood,n
630,容易,容易,róngyì,easy; easily; apt,adj
631,肉,肉,ròu,flesh; meat,n
632,三,三,sān,three,num
633,散步,散步,sàn bù,take a walk,
634,山,山,shān,mountain; hill,n
635,商店,商店,shāngdiàn,shop; store,n
636,上,上,shàng,upper; up; upward; preceding,n
637,上,上,shàng,get on; go up; go to; submit; fill,v
638,上邊,上边,shàngbian,above; over; the higher authorities,n
639,上課,上课,shàng kè,attend class; give a lesson,
640,上來,上来,shàng lái,come up,
641,上去,上去,shàng qu,go up,
642,上午,上午,shàngwǔ,forenoon; morning,n
643,上學,上学,shàng xué,go to school; attend school,
644,少,少,shǎo,few; little; less; lack; lose; reduce,v
645,社會,社会,shèhuì,society,n
646,身體,身体,shēntǐ,body; health,n
647,深,深,shēn,deep; difficult; thoroughgoing; dark,adj
648,什麼,什么,shénme,what; whatever; why; something,pron
649,聲,声,shēng,(measure word for sound); sound,m
650,聲調,声调,shēngdiào,tone; the tone of Chinese character,n
651,聲音,声音,shēngyīn,sound; voice,n
652,生產,生产,shēngchǎn,produce; manufacture; production,v
653,生詞,生词,shēngcí,new word,n
654,生活,生活,shēnghuó,life; livelihood; live; exist,v
655,生日,生日,shēngrì,birthday,n
656,省,省,shěng,province,n
657,剩,剩,shèng,surplus; remnant; leave (over),v
658,勝利,胜利,shènglì,victory; triumph,n
659,師傅,师傅,shīfu,master worker; master; teacher,n
660,十,十,shí,ten,num
661,十分,十分,shífēn,very; fully; utterly; extremely,adv
662,時候,时候,shíhou,time; when,n
663,時間,时间,shíjiān,when,n
664,食堂,食堂,shítáng,dining room; canteen; cafeteria,n
665,實踐,实践,shíjiàn,live up to; carry out; practice,n
666,實現,实现,shíxiàn,realize; achieve; bring about,v
667,使用,使用,shǐyòng,make use of; use; employ; apply,v
668,世界,世界,shìjiè,world,n
669,事,事,shì,matter; affair; thing; business,n
670,事情,事情,shìqing,matter; affair; thing; business,n
671,是,是,shì,be,v
672,市,市,shì,city; municipality; market,n
673,試,试,shì,try; test; attempt,v
674,收,收,shōu,put away; collect; harvest; receive,v
675,收拾,收拾,shōushi,put in order; tidy; punish; repair,v
676,手,手,shǒu,hand,n
677,手表,手表,shǒubiǎo,wrist watch,n
678,首都,首都,shǒudū,capital,n
679,輸,输,shū,transport; convey; lose; be beaten,v
680,舒服,舒服,shūfu,comfortable,adj
681,書,书,shū,book,n
682,熟,熟,shú,ripe; cooked; done; familiar,adj
683,數,数,shǔ,count; be reckoned as,v
684,樹,树,shù,tree,n
685,數學,数学,shùxué,mathematics,n
686,雙,双,shuāng,pair; twin; dual; double; di-; bi-,m
687,誰,谁,sheí/shuí,who,pron
688,水,水,shuǐ,water,n
689,水果,水果,shuǐguǒ,fruit,n
690,水平,水平,shuǐpíng,standard; level; horizontal,n
691,睡,睡,shuì,sleep; go to bed,v
692,睡覺,睡觉,shuì jiào,sleep; go to bed,
693,說,说,shuō,speak; talk; say; scold,v
694,說明,说明,shuōmíng,explain; illustrate; show,n
695,思想,思想,sīxiǎng,thought; thinking; idea; ideology,n
696,死,死,sǐ,die; pass away; dead; inflexible,v
697,四,四,sì,four,num
698,送,送,sòng,send; give; deliver; carry; escort,v
699,宿舍,宿舍,sùshè,hostel; living quarters; dormitory,n
700,酸,酸,suān,sour; sick at heart; tingle; acid,adj
701,算,算,suàn,calculate; compute; include; count,v
702,雖然,虽然,suīrán,though; although,conj
703,歲,岁,suì,years old (for a person's age),m
704,所以,所以,suǒyǐ,so; therefore; as a result,conj
705,所有,所有,suǒyǒu,all,adj
706,他,他,tā,he,pron
707,他們,他们,tāmen,they; them (for males and females),pron
708,它,它,tā,it,pron
709,它們,它们,tāmen,"they; them (for things, animals, etc.)",pron
710,她,她,tā,she,pron
711,她們,她们,tāmen,they; them (for females),pron
712,抬,抬,tái,lift up; raise; carry,v
713,太,太,tài,too,adv
714,太陽,太阳,tàiyáng,the sun,n
715,態度,态度,tàidu,manner; bearing; attitude,n
716,談,谈,tán,talk; chat; discuss,v
717,湯,汤,tāng,soup; broth,n
718,糖,糖,táng,sugar; candy; sweets,n
719,躺,躺,tǎng,lie; recline,v
720,討論,讨论,tǎolùn,discuss; discussion,v
721,特別,特别,tèbié,special; particular; especially,adj
722,疼,疼,téng,ache; pain,v
723,踢,踢,tī,kick,v
724,提,提,tí,carry; put forward; draw out; raise,v
725,提高,提高,tígāo,raise; heighten; enhance; increase,v
726,體育,体育,tǐyù,physical training; physical culture,n
727,天,天,tiān,sky; heaven; weather,n
728,天氣,天气,tiānqì,weather,n
729,條,条,tiáo,strip (measure word for long things),m
730,條件,条件,tiáojiàn,condition; qualification; requirement,n
731,跳,跳,tiào,jump; leap; spring; beat,v
732,跳舞,跳舞,tiào wǔ,dance,
733,聽,听,tīng,listen; hear; heed; obey,v
734,聽見,听见,tīngjiàn,hear,v
735,聽說,听说,tīng shuō,be told; hear of; hear about,
736,聽寫,听写,tīngxiě,dictate; dictation,n
737,停,停,tíng,stop; cease; be parked,v
738,挺,挺,tǐng,straighten up; stick out; very; rather,adv
739,通,通,tōng,open up; lead to; understand,adj
740,通過,通过,tōngguò,by way of; through; pass through,prep
741,通知,通知,tōngzhī,notify; give notice; notice; circular,n
742,同時,同时,tóngshí,at the same time; simultaneously,n
743,同學,同学,tóngxué,fellow student; schoolmate,n
744,同意,同意,tóngyì,agree; consent; approve,v
745,同志,同志,tóngzhì,comrade,n
746,痛快,痛快,tòngkuai,very happy; delighted; forthright,adj
747,頭,头,tóu,first; leading,m
748,突然,突然,tūrán,sudden; abrupt,adj
749,圖書館,图书馆,túshūguǎn,library,n
750,團結,团结,tuánjié,unite; rally,v
751,推,推,tuī,push; shove; turn a mill; grind,v
752,腿,腿,tuǐ,leg,n
753,退,退,tuì,return; give back; withdraw; fade,v
754,脫,脱,tuō,take off; cast off; strip,v
755,襪子,袜子,wàzi,socks; stockings; hose,n
756,外,外,wài,outer; outside; external; foreign,n
757,外邊,外边,wàibian,out; outside; exterior,n
758,外國,外国,wàiguó,foreign country,n
759,外語(外文),外语(外文),wàiyǔ(wàiwén),foreign language,n
760,完,完,wán,use up; be over; finish; complete,v
761,完成,完成,wánchéng,accomplish; complete; fulfill,v
762,完全,完全,wánquán,complete; whole; full; at all,adj
763,玩兒,玩儿,wánr,play; have fun; employ; resort to,v
764,碗,碗,wǎn,bowl,n
765,晚,晚,wǎn,late,adj
766,晚飯,晚饭,wǎnfàn,dinner; supper,n
767,晚會,晚会,wǎnhuì,evening party; social evening,n
768,晚上,晚上,wǎnshang,evening; night,n
769,萬,万,wàn,ten thousand; a very great number,num
770,往,往,wǎng,go,v
771,往,往,wǎng,to; toward; in the direction of,prep
772,忘,忘,wàng,forget; neglect,v
773,危險,危险,wēixiǎn,dangerous; perilous; danger,n
774,為,为,wéi,do; act; be; become,v
775,偉大,伟大,wěidà,great; mighty,adj
776,喂,喂,wèi,hello,interj
777,位,位,wèi,(measure word for people of status),m
778,為,为,wèi,(indicating the cause or purpose),prep
779,為了,为了,wèile,for; for the sake of; in order to,prep
780,為什麼,为什么,wèi shénme,why; why (or how) is it that …,
781,文化,文化,wénhuà,civilization; culture; education,n
782,文學,文学,wénxué,literature,n
783,文學家,文学家,wénxuéjiā,literatus; writer,n
784,文藝,文艺,wényì,literature and art,n
785,文章,文章,wénzhāng,essay; article; hidden meaning,n
786,問,问,wèn,ask; inquire,v
787,問好,问好,wèn hǎo,send one's regards to,
788,問題,问题,wèntí,question; problem; issue; trouble,n
789,我,我,wǒ,I; me; our; ourselves,pron
790,我們,我们,wǒmen,we; us; our,pron
791,握手,握手,wò shǒu,shake hands; clasp hands,
792,屋子,屋子,wūzi,room,n
793,五,五,wǔ,five,num
794,午飯,午饭,wǔfàn,midday meal; lunch,n
795,物理,物理,wùlǐ,physics,n
796,西,西,xī,west,n
797,西邊,西边,xībian,west (often used in oral Chinese),n
798,希望,希望,xīwàng,hope; wish; expect,n
799,習慣,习惯,xíguàn,be used to; usual practice; habit,v
800,喜歡,喜欢,xǐhuan,love; like; be keen to; be fond of,v
801,洗,洗,xǐ,wash; bathe; develop,v
802,洗澡,洗澡,xǐ zǎo,have a bath; bathe,
803,系,系,xì,department (in a university),n
804,細,细,xì,thin; fine; thin and soft; meticulous,adj
805,下,下,xià,descend; fall; issue; go to; put in,v
806,下,下,xià,below; down; under; next; second,n
807,下,下,xià,(measure word for times of an action),m
808,下邊,下边,xiàbian,below; under; lower level; next,n
809,下課,下课,xià kè,finish class; get out of class,
810,下來,下来,xià lái,come down,
811,下去,下去,xià qu,go down; descend,
812,下午,下午,xiàwǔ,afternoon,n
813,夏,夏,xià,summer,n
814,夏天,夏天,xiàtiān,summer,n
815,先,先,xiān,earlier; before; first; temporarily,n
816,先生,先生,xiānsheng,teacher; mister; Mr.; sir; gentleman,n
817,現代,现代,xiàndài,modern times; the contemporary age,n
818,現在,现在,xiànzài,now; at present; today,n
819,相信,相信,xiāngxìn,believe in; have faith in,v
820,香,香,xiāng,fragrant; savory; be with relish,adj
821,香蕉,香蕉,xiāngjiāo,banana,n
822,想,想,xiǎng,think; suppose; recall; want to; miss,aux
823,響,响,xiǎng,make a sound; ring; noisy; loud,adj
824,像,像,xiàng,be like; resemble; picture; such as,n
825,向,向,xiàng,towards; to; face; be partial to,v
826,消息,消息,xiāoxi,news; information; message,n
827,小(小李),小(小李),xiǎo,small; little; petty; minor; young,pref
828,小孩兒,小孩儿,xiǎoháir,child,n
829,小姐,小姐,xiǎojie,young lady; Miss; miss,n
830,小時,小时,xiǎoshí,hour,n
831,笑,笑,xiào,smile (at); laugh (at); ridicule,v
832,些,些,xiē,(measure word for unspecified amount),m
833,鞋,鞋,xié,shoe,n
834,寫,写,xiě,write; compose; describe,v
835,謝謝,谢谢,xièxie,thank,v
836,辛苦,辛苦,xīnkǔ,hard; toilsome; laborious; tire,v
837,新,新,xīn,new; fresh; up-to-date; newly,adj
838,新年,新年,xīnnián,New Year,n
839,新聞,新闻,xīnwén,information; news,n
840,心,心,xīn,the heart; heart; mind; feeling,n
841,信,信,xìn,believe; trust; profess faith in; letter,n
842,信封,信封,xìnfēng,envelope,n
843,星期,星期,xīngqī,week,n
844,星期日(星期天),星期日(星期天),xīngqīrì(xīngqītiān),Sunday,n
845,行,行,xíng,all right; O.K.; capable; competent,adj
846,幸福,幸福,xìngfú,happy; happiness,adj
847,姓,姓,xìng,be surnamed; family name,v
848,休息,休息,xiūxi,have a rest; rest,v
849,需要,需要,xūyào,need; want; require; demand,n
850,許多,许多,xǔduō,many; much; a lot of,adj
851,學,学,xué,study; learn; imitate; mimic,v
852,學生,学生,xuésheng,student; schoolboy; schoolgirl,n
853,學習,学习,xuéxí,study; learn; emulate,n
854,學校,学校,xuéxiào,school; educational institute,n
855,學院,学院,xuéyuàn,college; institute; academy,n
856,雪,雪,xuě,snow,n
857,呀,呀,yā,ah; oh; creak,interj
858,呀,呀,ya,ah,part
859,研究,研究,yánjiū,study; research; consider; discuss,v
860,顏色,颜色,yánsè,color,n
861,眼睛,眼睛,yǎnjing,eye,n
862,演出,演出,yǎnchū,perform; put on a show; performance,n
863,宴會,宴会,yànhuì,banquet; feast; dinner party,n
864,羊,羊,yáng,sheep; goat,n
865,樣子,样子,yàngzi,shape; appearance; manner; model,n
866,要求,要求,yāoqiú,demand; require; claim; ask,n
867,藥,药,yào,medicine; drug; remedy,n
868,要,要,yào,want to; wish to; must; shall; ask for,v
869,要是,要是,yàoshi,in case; if; suppose,conj
870,也,也,yě,also; too; either,adv
871,也許,也许,yěxǔ,perhaps; probably; maybe,adv
872,頁,页,yè,page,m
873,夜,夜,yè,night; evening,n
874,一,一,yī,one; once; as soon as,num
875,一般,一般,yībān,general; ordinary; common,adj
876,一邊…一邊…,一边…一边…,yībiān … yībiān,at the same time; simultaneously,
877,一點兒,一点儿,yīdiǎnr,a bit; a few; a little,n
878,一定,一定,yīdìng,fixed; definite; given; necessarily,adj
879,一共,一共,yīgòng,in all; altogether; in total,adv
880,一會兒,一会儿,yīhuìr,a little while; a moment,n
881,一…就…,一…就…,yī … jiù …,as soon as; once,
882,一塊兒,一块儿,yīkuàir,the same place; together,adv
883,一起,一起,yīqǐ,the same place; together,adv
884,一切,一切,yīqiè,all; every; everything,pron
885,一下兒,一下儿,yīxià,one time; once; a little while,m
886,一些,一些,yīxiē,a number of; certain; a few; a little,m
887,一樣,一样,yīyàng,the same; equally; alike; as … as …,adv
888,一…也…,一…也…,yī…yě…,an emphatic sentence structure to describe the smallest unit of the subject,
889,一直,一直,yīzhí,always; all along; straight,adv
890,醫生,医生,yīshēng,doctor,n
891,醫院,医院,yīyuàn,hospital,n
892,衣服,衣服,yīfu,clothes; clothing; garment; coat,n
893,椅子,椅子,yǐzi,chair,n
894,已經,已经,yǐjing,already,adv
895,以後,以后,yǐhòu,after; afterwards; later,n
896,以前,以前,yǐqián,before; formerly,n
897,以為,以为,yǐwéi,think; consider; believe,v
898,藝術,艺术,yìshù,art; skill; craft,n
899,億,亿,yì,a hundred million,num
900,意見,意见,yìjiàn,opinion; view; objection,n
901,意思,意思,yìsi,meaning; idea; wish; appreciation,n
902,意義,意义,yìyì,meaning; sense; significance,n
903,因為,因为,yīnwèi,because; on account of; because of,conj
904,音樂,音乐,yīnyuè,music,n
905,陰,阴,yīn,cloudy; overcast; sinister,adj
906,銀行,银行,yínháng,bank,n
907,英語(英文),英语(英文),yīngyǔ(yīngwén),English (language),n
908,應該,应该,yīnggāi,ought to; should; must,aux
909,贏,赢,yíng,win; beat; gain,v
910,影響,影响,yǐngxiǎng,influence; affect; effect,n
911,永遠,永远,yǒngyuǎn,for good; forever; ever; always,adv
912,用,用,yòng,use; employ; apply; by means of,v
913,尤其,尤其,yóuqí,especially; particularly,adv
914,郵局,邮局,yóujú,post office,n
915,郵票,邮票,yóupiào,stamp,n
916,游泳,游泳,yóu yǒng,swim,
917,有,有,yǒu,have; possess; exist; there be,v
918,有的,有的,yǒude,some; some of,pron
919,有名,有名,yǒumíng,famous; well-known,adj
920,有時候,有时候,yǒu shíhou,sometimes,
921,有些,有些,yǒuxiē,some; some of,pron
922,有意思,有意思,yǒu yìsi,interesting; enjoyable,
923,友好,友好,yǒuhǎo,friendly; amicable; close friend,adj
924,友誼,友谊,yǒuyì,friendship,n
925,右,右,yòu,the right,n
926,又,又,yòu,again,adv
927,魚,鱼,yú,fish,n
928,愉快,愉快,yúkuài,happy; cheerful; joyful; delightful,adj
929,雨,雨,yǔ,rain,n
930,語法,语法,yǔfǎ,grammar,n
931,語言,语言,yǔyán,language,n
932,遇到,遇到,yùdào,meet with; run into; encounter,v
933,預習,预习,yùxí,preview; prepare lessons,v
934,元,元,yuán,Yuan (used for money),m
935,原來,原来,yuánlái,original; former,adj
936,原諒,原谅,yuánliàng,excuse; forgive; pardon,v
937,圓,圆,yuán,round; circular; circle,n
938,遠,远,yuǎn,far; remote,adj
939,願意,愿意,yuànyì,be willing; be ready; wish; like; want,v
940,月,月,yuè,month,n
941,月亮,月亮,yuèliang,the moon,n
942,月球,月球,yuèqiú,the moon,n
943,雲,云,yún,cloud,n
944,運動,运动,yùndòng,be in motion; move about; sport,n
945,再,再,zài,again; not … until; then and only then,adv
946,再見,再见,zàijiàn,good-bye; see you again,v
947,在,在,zài,exist; be living; at; on; in,v
948,在,在,zài,(indicating an action in progress),adv
949,咱,咱,zán,we; us; our; I; me; my,pron
950,咱們,咱们,zánmen,we; us; our,pron
951,髒,脏,zāng,dirty; filthy,adj
952,早,早,zǎo,early; for a long time; as early as,adj
953,早晨(早上),早晨(早上),zǎochen(zǎoshang),(early) morning,n
954,早飯,早饭,zǎofàn,breakfast,n
955,怎麼,怎么,zěnme,how; why; however,pron
956,怎麼樣,怎么样,zěnmeyàng,how; (a polite formula),pron
957,怎樣,怎样,zěnyàng,how,pron
958,增加,增加,zēngjiā,increase; raise; add,v
959,展覽,展览,zhǎnlǎn,put on display; exhibit; show,n
960,占,占,zhàn,occupy; seize; take; constitute,v
961,站,站,zhàn,stand; be on one's feet; stop; halt,v
962,站,站,zhàn,station; stop; service center,n
963,張,张,zhāng,piece,m
964,長,长,zhǎng,grow; develop; acquire; increase,v
965,掌握,掌握,zhǎngwò,grasp; master; control; have in hand,v
966,著急,着急,zháojí,worry; anxious,adj
967,找,找,zhǎo,look for; return the balance of money,v
968,照顧,照顾,zhàogù,look after; give consideration to,v
969,照相,照相,zhào xiàng,take a picture (or photograph),
970,這,这,zhè,this; this moment; now,pron
971,這個,这个,zhège,this one; this,pron
972,這裡(這兒),这里(这儿),zhèlǐ(zhèr),here,pron
973,這麼,这么,zhème,so; such; this way; like this,pron
974,這些,这些,zhèxiē,these,pron
975,這樣,这样,zhèyàng,so; such; like this; this way,pron
976,著,着,zhe,(indicating an action in progress),part
977,真,真,zhēn,true; real; genuine; clearly; really,adv
978,真正,真正,zhēnzhèng,genuine; real; true,adj
979,整齊,整齐,zhěngqí,in good order; neat; tidy,adj
980,正,正,zhèng,straight; upright; honest; pure; just,adv
981,正確,正确,zhèngquè,correct; right; proper,adj
982,正在,正在,zhèngzài,in process of; in course of,adv
983,政府,政府,zhèngfǔ,government,n
984,政治,政治,zhèngzhì,politics; political affairs; political,n
985,隻,只,zhī,(measure word for one of a pair),m
986,支,支,zhī,(measure word for stick-like things),m
987,知道,知道,zhīdào,know; be aware of; realize,v
988,知識,知识,zhīshi,knowledge,n
989,…之間,…之间,… zhījiān,between,
990,指,指,zhǐ,point at; point to; point out; refer to,v
991,只,只,zhǐ,only; merely,adv
992,只好,只好,zhǐhǎo,have to; be forced to,adv
993,紙,纸,zhǐ,paper,n
994,中,中,zhōng,center; middle; in; among; China,adj
995,中間,中间,zhōngjiān,center; middle; among; between,n
996,中文,中文,zhōngwén,Chinese (language),n
997,中午,中午,zhōngwǔ,noon; midday,n
998,中學,中学,zhōngxué,middle school; high school,n
999,鐘,钟,zhōng,bell; clock,n
1000,鐘頭,钟头,zhōngtóu,hour (mainly used in oral Chinese),n
1001,種,种,zhǒng,kind; type; sort; breed; race; strain,m
1002,重,重,zhòng,heavy; important; serious,adj
1003,重要,重要,zhòngyào,important; significant; major,adj
1004,周,周,zhōu,week; round,n
1005,周圍,周围,zhōuwéi,around; round; about,n
1006,豬,猪,zhū,pig; hog; swine,n
1007,主要,主要,zhǔyào,main; major; chief; principal,adj
1008,主意,主意,zhǔyi,idea; plan; decision,adj
1009,住,住,zhù,live; reside; stay; stop; cease,v
1010,注意,注意,zhùyì,pay attention to; take notice of,v
1011,祝,祝,zhù,express good wishes; wish,v
1012,裝,装,zhuāng,act; pretend; load; assemble; fit,v
1013,準備,准备,zhǔnbèi,prepare; get ready (for); intend,n
1014,桌子,桌子,zhuōzi,table; desk,n
1015,自己,自己,zìjǐ,oneself; closely related; own,pron
1016,自行車,自行车,zìxíngchē,bike; bicycle,n
1017,字,字,zì,word; character,n
1018,總(是),总(是),zǒng(shì),put together; general; chief; always,adv
1019,走,走,zǒu,walk; visit; pass; leave; go away,v
1020,足球,足球,zúqiú,football game; soccer ball,n
1021,祖國,祖国,zǔguó,motherland; fatherland; homeland,n
1022,組織,组织,zǔzhī,organize; form; organization,n
1023,嘴,嘴,zuǐ,mouth,n
1024,最,最,zuì,most,adv
1025,最初,最初,zuìchū,first; initial,n
1026,最後,最后,zuìhòu,last; final; ultimate,n
1027,最近,最近,zuìjìn,recently; lately; in the near future,n
1028,昨天,昨天,zuótiān,yesterday,n
1029,左,左,zuǒ,the left; the left side,n
1030,做,做,zuò,make; do; cook; be; be used as,v
1031,作,作,zuò,do; make; compose; write; act as,v
1032,作業,作业,zuòyè,homework; operation; task; work,n
1033,坐,坐,zuò,sit; take a seat; ride; put on a fire,v
1034,座,座,zuò,(measure word for cities and so on),m
